hfpool,lfpool,vlfpool
beside,mischief,demonize
edge,hatch,cataract
enter,supervise,sloth
favor,triple,deodorize
literary,figurative,loin
looks,modesty,colloquy
tone,antipathy,sift
desire,jerky,tropism
economy,entail,askew
maximum,agenda,allotropic
reality,electrode,salience
separate,tariff,solstice
term,racket,whiffle
gray,heartbeat,sophism
indicate,outgrow,canonize
providence,nasty,follicle
session,arouse,telegraphy
twenty,mania,debit
essential,hush,malignity
file,awhile,swat
immediate,mosaic,transfix
neck,mustache,volt
nine,denounce,snail
opposite,orient,espouse
round,genesis,spar
trip,tenable,illiteracy
crisis,armor,almanac
fresh,intervened,pacificist
instance,incline,talc
impossible,dispense,womb
regular,scotch,vitalism
yesterday,concur,totem
aware,savory,hydrate
begin,fertile,ligament
broad,extant,invective
learn,intellect,carp
strange,abyss,statism
concept,captivity,dwelt
distribution,coherent,exhort
shape,visa,scroll
build,docile,bewitch
financial,melt,photon
otherwise,malformed,foist
philosophy,inquest,slimmest
previous,fencing,trod
scientific,crib,ambulant
sight,sheath,mimic
assistance,bellow,ellipse
bright,innate,rove
touch,modular,rife
active,genteel,semitism
bottom,lifeboat,mechanize
carry,hustler,elective
poetry,deluge,sadist
develop,satin,awash
famous,vocation,linoleum
regard,cursory,deprave
balance,surveyor,mesquite
dance,murky,malleable
equal,soybean,pedagogy
pass,gleam,transect
base,stroll,acrid
civil,amply,triton
complex,gruff,amoeba
condition,tally,cognition
measure,resistant,epilogue
objective,temples,cipher
structure,chronology,libertine
leadership,designate,jeer
obvious,trolley,revengeful
thin,sparkle,scab
annual,hobby,daze
authority,homecoming,vocalize
lord,invade,zealot
remain,gully,spore
everyone,unworthy,deplore
practice,bankrupt,hinder
sign,betray,indent
someone,glycerine,exhale
source,enrich,slay
tradition,muse,sinew
wait,adversary,dorsal
worth,faction,acronym
proper,overlook,distrain
behavior,joyous,jive
primary,clarification,cheetah
usual,falcon,acoustic
communist,accelerate,amnesty
follow,fission,barnacle
radiation,umber,mire
status,primeval,mitt
suppose,theologian,deign
thousand,converse,demolish
bridge,maritime,narcotize
concern,stale,clarinet
happy,weigh,hedonism
popular,unhealthy,fret
share,accessible,analog
glass,chromium,koala
actual,entropy,axiom
walk,crumpled,grit
unless,scalp,etiology
demand,solder,wriggle
rise,indoor,hermetic
supply,advent,discard
date,mesh,hyena
original,pail,schemata
race,suffice,pendant
unit,parody,pedant
despite,pungent,lithium
eight,chuckle,lava
role,salutary,requiem
spent,divisible,exertion
drive,helm,emporium
afternoon,overlap,drench
easily,keynote,afflict
hardly,rifleman,wean
reach,priceless,groan
write,enlist,paganism
attitude,wharf,scathe
determine,pregnancy,emigration
stress,nozzle,goon
analysis,chap,leek
continue,ache,cession
distance,boyhood,flee
none,timid,parakeet
ahead,repulsive,deception
deep,reconcile,thieve
democratic,dizzy,seminal
expect,pest,placebo
income,tawny,toga
language,generalize,font
pretty,uncover,spry
principle,comprehend,accredit
extent,simmer,repetitive
heavy,diffuse,allergy
speak,overcoat,sorcery
standard,counteract,decibel
wish,laundry,brainwave
born,rebuff,teleologic
choice,sandals,silicone
function,torque,divert
include,inclusive,beak
poor,sundry,smog
seven,bliss,velour
stay,convince,mace
design,undone,derogate
latter,compel,fogy
straight,believer,leer
corner,seashore,broccoli
nuclear,phalanx,memo
specific,intrinsic,stipend
fiscal,coolly,botanical
length,unarmed,hoax
serious,refinement,ascend
appear,pact,neophyte
character,anthology,teem
middle,righteous,flatten
main,sine,asthma
test,glitter,octopod
additional,mediocre,defecate
march,stealth,frog
progress,dump,chirp
technical,baptism,sewn
charge,radiator,irate
approach,option,blab
feed,pictorial,fossil
manner,counselor,overrule
reaction,outrun,freckle
farm,drizzle,stratify
herself,descend,odorant
wide,lilac,violator
beautiful,fibrous,snarl
consider,processor,solvency
easy,realtor,paladin
fear,edible,stow
somewhat,steal,corporeal
spring,vest,shallot
freedom,longhorn,rook
movement,wedge,shrift
direct,worm,disclaim
effective,sludge,embroil
lead,forbid,wane
myself,reflex,fawn
piece,warehouse,edict
wrong,confuse,aesthete
average,rowdy,mane
month,minimum,fang
former,backbone,scoria
science,rectangle,pervade
step,lukewarm,savanna
move,siding,comical
inside,millennium,droll
stage,infamous,rebate
beyond,unanimous,montage
person,inflict,skeptic
brown,conceptual,tepid
else,conquer,snip
hope,retort,waive
live,tubular,vial
late,poisonous,visor
particular,affinity,invoice
recent,strait,maladroit
return,aberrant,faze
support,triumphant,corduroy
complete,enroll,doze
except,carpentry,chalice
east,mystical,asteroid
basis,torment,cannibal
dark,swivel,scram
everything,tussle,majesty
greater,reflector,recency
section,ulcer,repulse
third,triangular,glaciate
nature,tuition,moccasin
alone,resolute,archetype
increase,arbiter,advisor
personal,impress,sanctify
road,spice,bracelet
modern,devout,flora
near,dormant,torpid
peace,snatch,cinnamon
mean,awesome,aspirate
believe,pedestal,boreal
type,maestro,hobnob
value,corrosion,agnostic
various,tenacity,rankle
hard,surround,fixation
strong,impair,cholera
black,skip,cohort
plan,solvent,aphorism
therefore,adhere,dote
north,ornament,whorl
century,homeland,paralytic
rate,obesity,lesbian
outside,hearty,crape
morning,pulpit,positron
total,pastry,melanoma
military,tweed,nectarine
short,reluctance,heath
effect,audit,dendrite
level,offend,cohabit
education,tame,snide
able,glisten,canonical
feel,volatile,dart
provide,alkali,transpose
further,lucid,tabloid
clear,bale,aseptic
front,verb,ware
necessary,gelding,atheism
common,stripe,skew
control,embark,jibe
future,smash,fleece
cost,lethal,dole
seem,bicycle,conduce
force,homemade,vagrancy
full,jaguar,collide
true,unifying,misjudge
turn,loaf,malignant
close,donor,append
individual,cadet,phobia
change,fender,erode
south,piety,decimate
position,adapt,concise
reason,knack,stye
economic,capsule,pantomimic
available,disguise,coherence
federal,mindful,frizzle
moment,overgrown,altruism
study,clump,penal
special,repository,navigate
behind,plump,pliable
cannot,coroner,hernia
miss,pragmatic,entangle
political,teddy,reflux
free,scribe,iterate
real,initiate,conjure
keep,derision,filament
sure,groin,relational
period,crane,primer
shall,chestnut,swindle
together,dissent,remedial
tell,overthrow,deviate
already,skyline,toggle
half,woodwork,rant
really,onrush,zoologic
week,jocular,stalk
experience,geology,clove
seen,rationalism,slink
anything,pavilion,corpulence
past,gallop,ragtime
quite,moderator,cohere
across,baggy,chaperon
either,delicious,carbonate
today,growl,snare
five,vanish,didactic
whether,chronicle,convex
local,mole,empathy
example,jolly,scapula
name,fuss,foxy
above,calculate,hosiery
human,unaided,strident
itself,inseparable,deride
perhaps,diagonal,krypton
matter,virile,arsenate
whole,disapprove,stoke
help,banish,allot
different,derivation,transmute
thus,comrade,sceptic
certain,repertory,negligee
kind,hospitable,adverb
problem,implement,irrigate
service,lust,archeology
open,acclaim,fixate
done,insides,prejudge
want,incipient,iconoclast
thing,textbook,gory
development,toad,oblong
power,simulate,retract
least,flip,hyphen
ever,turbulent,tonic
along,disrupt,goof
four,cleverly,tarnish
within,juncture,perjure
need,humanist,cleave
become,dale,woof
large,ancestral,lima
white,platinum,albatross
early,denote,atomize
often,lithe,manifesto
important,abdominal,draconian
among,scoreboard,lactose
form,stagnant,voyeur
possible,hemorrhage,bantam
rather,mistrust,barrack
second,graphite,shag
national,saliva,condone
order,reed,catapult
present,batch,emotive
several,breathless,hoard
side,engraved,inflame
social,mammoth,cartel
young,genial,spastic
toward,trance,pillory
give,vinyl,scowl
next,warlike,oatmeal
point,methodical,clap
later,inert,agonize
find,felicity,polio
look,clash,elongate
going,hamper,deceive
night,languid,prickle
nothing,sanity,canker
better,influx,vomit
head,fervent,mince
enough,indecent,teal
almost,arisen,harp
think,saxophone,scenario
fact,wavelength,spew
something,immoral,spatula
away,tireless,mentor
every,synonymous,condescend
upon,dell,seer
high,truce,warlock
once,grammar,apostrophe
went,undefined,jittery
thought,rapport,mediate
small,assent,mismatch
however,trilogy,litigate
around,sandman,condor
place,traverse,amnesia
again,preamble,kink
without,revise,iteration
during,unborn,tweak
himself,hike,palindrome
three,proctor,mnemonic
take,pagan,evade
came,temporal,feminism
against,altitude,flaccid
come,welsh,tyrannic
since,rubbish,deforest
year,backlog,ripen
great,itch,lisp
might,annals,almond
last,franchise,synapse
another,pronoun,intrepid
know,lavender,deem
same,burrow,chimeric
never,ridicule,obese
under,hoarse,elliptic
being,tang,apricot
between,interrupt,regatta
both,comply,compositor
here,splinter,inhalation
long,fiasco,soporific
still,stead,marxism
very,columnist,garnish
good,lint,anathema
little,lard,remorse
those,distort,brahman
each,calamity,wain
should,weave,riddle
down,stucco,rind
your,glamor,scapegoat
much,prevalent,plethora
back,genetic,allusive
through,atrophy,obituary
must,cynicism,beckon
many,sock,skim
also,teenage,emblem
most,integer,blazon
over,unrest,fanfare
such,beadle,avert
first,jargon,tarantula
these,hover,affable
could,shrink,feign
some,prominence,propane
other,stoop,deflect
than,seminar,cram
them,smack,efferent
into,pulp,atone
about,inlet,vacate
what,gallant,trickery
more,climactic,mollusc
will,ignition,citric
been,haunt,morbid
their,sting,mistreat
would,bean,overseen
there,blink,elitism
were,boring,predator
have,garrison,detach
from,starch,obtrude
this,banister,cozy
with,esteem,dementia
